Pathogen_pep,Pathogen_seq,Epitope_ID,IEDB_seq,core_sim,tcore_sim
P0CD83,AINRYLKRKGKVWIRVFPDKSVT,122346,FEVKAFATDSTDAEEDKIPK,88.88888888888889,93.33333333333333
P27958,AKVLVVLLLFAGVDAETHVTGGSA,119560,DLVLYNNADGDFAIVK,88.88888888888889,93.33333333333333
P27958,AKVLVVLLLFAGVDAETHVTGGSA,119868,FMVNLVFYLPADSGEKTSVA,88.88888888888889,93.33333333333333
P27958,AKVLVVLLLFAGVDAETHVTGGSA,119560,DLVLYNNADGDFAIVK,88.88888888888889,93.33333333333333
P27958,AKVLVVLLLFAGVDAETHVTGGSA,119868,FMVNLVFYLPADSGEKTSVA,88.88888888888889,93.33333333333333
P46841,GTNQASDRTYLVTLYTSLVV,122479,LTFRRDLYFSRVQVYPPVGA,92.5925925925926,93.33333333333333
P46841,GTNQASDRTYLVTLYTSLVV,122479,LTFRRDLYFSRVQVYPPVGA,92.5925925925926,93.33333333333333
P46841,GTNQASDRTYLVTLYTSLVV,566648,YEYLINVIHAFQYVIYG,81.48148148148148,93.33333333333333
P27958,KGGRKPARLIVFPDLGVRVC,117034,LFIAAFVGAAATLVS,92.5925925925926,100.0
P27958,KGGRKPARLIVFPDLGVRVC,119751,AMVMDHILLGVFMLVCIIG,92.5925925925926,100.0
P27958,KGGRKPARLIVFPDLGVRVC,122479,LTFRRDLYFSRVQVYPPVGA,85.18518518518519,93.33333333333333
P27958,KGGRKPARLIVFPDLGVRVC,122479,LTFRRDLYFSRVQVYPPVGA,85.18518518518519,93.33333333333333
P27958,KGGRKPARLIVFPDLGVRVC,120186,RTVDRLCLFVVTPVMVVGTA,88.88888888888889,93.33333333333333
P27958,KGGRKPARLIVFPDLGVRVC,119751,AMVMDHILLGVFMLVCIIG,92.5925925925926,100.0
P17763,KVVGLYGNGVVTRSG,117034,LFIAAFVGAAATLVS,92.5925925925926,100.0
P17763,KVVGLYGNGVVTRSG,119751,AMVMDHILLGVFMLVCIIG,92.5925925925926,100.0
P17763,KVVGLYGNGVVTRSG,122479,LTFRRDLYFSRVQVYPPVGA,92.5925925925926,93.33333333333333
P17763,KVVGLYGNGVVTRSG,122479,LTFRRDLYFSRVQVYPPVGA,92.5925925925926,93.33333333333333
P17763,KVVGLYGNGVVTRSG,120186,RTVDRLCLFVVTPVMVVGTA,88.88888888888889,93.33333333333333
P17763,KVVGLYGNGVVTRSG,119751,AMVMDHILLGVFMLVCIIG,92.5925925925926,100.0
Q9Q6P4,LAVGGVLLFLSVNVHA,116849,VFACSAVPVYIYFNTWTTCQS,85.18518518518519,93.33333333333333
Q9Q6P4,LAVGGVLLFLSVNVHA,5516,AVPVYIYFNTWTTCQSIAFP,85.18518518518519,93.33333333333333
Q9Q6P4,LAVGGVLLFLSVNVHA,117034,LFIAAFVGAAATLVS,92.5925925925926,93.33333333333333
Q9Q6P4,LAVGGVLLFLSVNVHA,120336,YHFVMQRLPLYFIVNV,88.88888888888889,93.33333333333333
Q9Q6P4,LAVGGVLLFLSVNVHA,120859,PDAGEKMGLSIFALLTLTVF,92.5925925925926,93.33333333333333
Q9Q6P4,LAVGGVLLFLSVNVHA,119751,AMVMDHILLGVFMLVCIIG,92.5925925925926,93.33333333333333
Q9Q6P4,LAVGGVLLFLSVNVHA,135658,EAGHQKVVFYLLIQRKPLFY,81.48148148148148,93.33333333333333
Q9Q6P4,LAVGGVLLFLSVNVHA,119751,AMVMDHILLGVFMLVCIIG,92.5925925925926,93.33333333333333
Q9Q6P4,LAVGGVLLFLSVNVHA,140472,IATMVQCFGHISGGHINPAV,92.5925925925926,93.33333333333333
P0DTD1,LLVYAADPAMHAASG,119945,IIGTLAVFAGRLIELNQQG,92.5925925925926,93.33333333333333
P0DTD1,LLVYAADPAMHAASG,119945,IIGTLAVFAGRLIELNQQG,92.5925925925926,93.33333333333333
P0DTD1,LLVYAADPAMHAASG,119945,IIGTLAVFAGRLIELNQQG,92.5925925925926,93.33333333333333
P0DTD1,LLVYAADPAMHAASG,122657,YQIKVKLTVSGFLGELTSSE,88.88888888888889,93.33333333333333
P0DTD1,LLVYAADPAMHAASG,130514,IPCYFIDPMHPVTTAP,96.29629629629629,93.33333333333333
P0DTD1,LLVYAADPAMHAASG,122746,EEQEDEIIGFGQELKN,85.18518518518519,100.0
P0DTD1,LLVYAADPAMHAASG,122749,EIIGFGQELKNPQEE,85.18518518518519,100.0
P0DTD1,LLVYAADPAMHAASG,125610,YYVFFEEQEDEIIGFGQELK,85.18518518518519,100.0
P0DTD1,LLVYAADPAMHAASG,125610,YYVFFEEQEDEIIGFGQELK,85.18518518518519,100.0
P0DTD1,LLVYAADPAMHAASG,125610,YYVFFEEQEDEIIGFGQELK,85.18518518518519,100.0
P0DTD1,LLVYAADPAMHAASG,125610,YYVFFEEQEDEIIGFGQELK,85.18518518518519,100.0
P0DTD1,LLVYAADPAMHAASG,122747,EEQEDEIIGFGQELKNPQEE,85.18518518518519,100.0
P0DTD1,LLVYAADPAMHAASG,122747,EEQEDEIIGFGQELKNPQEE,85.18518518518519,100.0
P0DTD1,LLVYAADPAMHAASG,122747,EEQEDEIIGFGQELKNPQEE,85.18518518518519,100.0
P0DTD1,LLVYAADPAMHAASG,122747,EEQEDEIIGFGQELKNPQEE,85.18518518518519,100.0
P0DTD1,LLVYAADPAMHAASG,122747,EEQEDEIIGFGQELKNPQEE,85.18518518518519,100.0
P0DTD1,LLVYAADPAMHAASG,120186,RTVDRLCLFVVTPVMVVGTA,92.5925925925926,93.33333333333333
P0DTD1,LLVYAADPAMHAASG,119945,IIGTLAVFAGRLIELNQQG,92.5925925925926,93.33333333333333
P0DTD1,LLVYAADPAMHAASG,119945,IIGTLAVFAGRLIELNQQG,92.5925925925926,93.33333333333333
P27958,LVDILAGYGAGVAGA,117034,LFIAAFVGAAATLVS,96.29629629629629,100.0
P27958,LVDILAGYGAGVAGA,119751,AMVMDHILLGVFMLVCIIG,96.29629629629629,100.0
P27958,LVDILAGYGAGVAGA,122479,LTFRRDLYFSRVQVYPPVGA,96.29629629629629,93.33333333333333
P27958,LVDILAGYGAGVAGA,122479,LTFRRDLYFSRVQVYPPVGA,96.29629629629629,93.33333333333333
P27958,LVDILAGYGAGVAGA,120186,RTVDRLCLFVVTPVMVVGTA,92.5925925925926,93.33333333333333
P27958,LVDILAGYGAGVAGA,119751,AMVMDHILLGVFMLVCIIG,96.29629629629629,100.0
P17763,NREGKIVGLYGNGVV,117034,LFIAAFVGAAATLVS,92.5925925925926,100.0
P17763,NREGKIVGLYGNGVV,119751,AMVMDHILLGVFMLVCIIG,92.5925925925926,100.0
P17763,NREGKIVGLYGNGVV,122479,LTFRRDLYFSRVQVYPPVGA,92.5925925925926,93.33333333333333
P17763,NREGKIVGLYGNGVV,122479,LTFRRDLYFSRVQVYPPVGA,92.5925925925926,93.33333333333333
P17763,NREGKIVGLYGNGVV,120186,RTVDRLCLFVVTPVMVVGTA,88.88888888888889,93.33333333333333
P17763,NREGKIVGLYGNGVV,119751,AMVMDHILLGVFMLVCIIG,92.5925925925926,100.0
P27958,NTHAMGGVVARSAYRITSFLSPGAAQN,122479,LTFRRDLYFSRVQVYPPVGA,88.88888888888889,93.33333333333333
P27958,NTHAMGGVVARSAYRITSFLSPGAAQN,122479,LTFRRDLYFSRVQVYPPVGA,88.88888888888889,93.33333333333333
P11089,QDEAIAVNIYAANVANLF,122479,LTFRRDLYFSRVQVYPPVGA,96.29629629629629,93.33333333333333
P11089,QDEAIAVNIYAANVANLF,122657,YQIKVKLTVSGFLGELTSSE,88.88888888888889,93.33333333333333
P11089,QDEAIAVNIYAANVANLF,122479,LTFRRDLYFSRVQVYPPVGA,96.29629629629629,93.33333333333333
P11089,QDEAIAVNIYAANVANLF,125585,TSVQGYAFNGTKLDAVYLNKNKYL,92.5925925925926,100.0
P11089,QDEAIAVNIYAANVANLF,125506,NGFTSVQGYAFNGTKLDAVY,92.5925925925926,100.0
P11089,QDEAIAVNIYAANVANLF,125506,NGFTSVQGYAFNGTKLDAVY,92.5925925925926,100.0
P11089,QDEAIAVNIYAANVANLF,125506,NGFTSVQGYAFNGTKLDAVY,92.5925925925926,100.0
P11089,QDEAIAVNIYAANVANLF,120186,RTVDRLCLFVVTPVMVVGTA,92.5925925925926,93.33333333333333
P11089,QDEAIAVNIYAANVANLF,122326,EETRGVLKVFLENVI,85.18518518518519,93.33333333333333
P0C767,RDLVVSYVNTNVGLKFRQLL,105275,LAFLQDVMNILLQYVVKSFDRS,88.88888888888889,93.33333333333333
P0C767,RDLVVSYVNTNVGLKFRQLL,132113,VNDVCNFASRNDYSYWLSTPA,85.18518518518519,93.33333333333333
P0C767,RDLVVSYVNTNVGLKFRQLL,186725,YKIADPICTFIFSIL,85.18518518518519,93.33333333333333
P0C767,RDLVVSYVNTNVGLKFRQLL,186725,YKIADPICTFIFSIL,85.18518518518519,93.33333333333333
P0C767,RDLVVSYVNTNVGLKFRQLL,186725,YKIADPICTFIFSIL,85.18518518518519,93.33333333333333
P0C767,RDLVVSYVNTNVGLKFRQLL,132113,VNDVCNFASRNDYSYWLSTPA,85.18518518518519,93.33333333333333
P27958,SVGLGKVLIDILAGYGAGVA,117034,LFIAAFVGAAATLVS,96.29629629629629,100.0
P27958,SVGLGKVLIDILAGYGAGVA,119751,AMVMDHILLGVFMLVCIIG,96.29629629629629,100.0
P27958,SVGLGKVLIDILAGYGAGVA,122479,LTFRRDLYFSRVQVYPPVGA,96.29629629629629,93.33333333333333
P27958,SVGLGKVLIDILAGYGAGVA,122479,LTFRRDLYFSRVQVYPPVGA,96.29629629629629,93.33333333333333
P27958,SVGLGKVLIDILAGYGAGVA,120186,RTVDRLCLFVVTPVMVVGTA,92.5925925925926,93.33333333333333
P27958,SVGLGKVLIDILAGYGAGVA,119751,AMVMDHILLGVFMLVCIIG,96.29629629629629,100.0
P27958,THVTGGSAGHTVSGFVSLLAPGAKQNVQLINT,117034,LFIAAFVGAAATLVS,92.5925925925926,93.33333333333333
P27958,THVTGGSAGHTVSGFVSLLAPGAKQNVQLINT,120859,PDAGEKMGLSIFALLTLTVF,92.5925925925926,93.33333333333333
P27958,THVTGGSAGHTVSGFVSLLAPGAKQNVQLINT,119751,AMVMDHILLGVFMLVCIIG,92.5925925925926,93.33333333333333
P27958,THVTGGSAGHTVSGFVSLLAPGAKQNVQLINT,122479,LTFRRDLYFSRVQVYPPVGA,92.5925925925926,100.0
P27958,THVTGGSAGHTVSGFVSLLAPGAKQNVQLINT,122479,LTFRRDLYFSRVQVYPPVGA,92.5925925925926,100.0
P27958,THVTGGSAGHTVSGFVSLLAPGAKQNVQLINT,125585,TSVQGYAFNGTKLDAVYLNKNKYL,81.48148148148148,93.33333333333333
P27958,THVTGGSAGHTVSGFVSLLAPGAKQNVQLINT,125506,NGFTSVQGYAFNGTKLDAVY,81.48148148148148,93.33333333333333
P27958,THVTGGSAGHTVSGFVSLLAPGAKQNVQLINT,125506,NGFTSVQGYAFNGTKLDAVY,81.48148148148148,93.33333333333333
P27958,THVTGGSAGHTVSGFVSLLAPGAKQNVQLINT,125506,NGFTSVQGYAFNGTKLDAVY,81.48148148148148,93.33333333333333
P27958,THVTGGSAGHTVSGFVSLLAPGAKQNVQLINT,119751,AMVMDHILLGVFMLVCIIG,92.5925925925926,93.33333333333333
P27958,THVTGGSAGHTVSGFVSLLAPGAKQNVQLINT,140472,IATMVQCFGHISGGHINPAV,92.5925925925926,93.33333333333333
P17763,TLVTFKNPHAKKQDV,125466,KSDEFNPCEDIMGYKFLRIV,85.18518518518519,93.33333333333333
P17763,TLVTFKNPHAKKQDV,230000,IIPAFHFLKSEKGL,85.18518518518519,93.33333333333333
P27958,VLIDILAGYGAGVAGALVAF,117034,LFIAAFVGAAATLVS,96.29629629629629,100.0
P27958,VLIDILAGYGAGVAGALVAF,119751,AMVMDHILLGVFMLVCIIG,96.29629629629629,100.0
P27958,VLIDILAGYGAGVAGALVAF,122479,LTFRRDLYFSRVQVYPPVGA,96.29629629629629,93.33333333333333
P27958,VLIDILAGYGAGVAGALVAF,122479,LTFRRDLYFSRVQVYPPVGA,96.29629629629629,93.33333333333333
P27958,VLIDILAGYGAGVAGALVAF,120186,RTVDRLCLFVVTPVMVVGTA,92.5925925925926,93.33333333333333
P27958,VLIDILAGYGAGVAGALVAF,119751,AMVMDHILLGVFMLVCIIG,96.29629629629629,100.0
P46841,YLVTLYTSLVVLTDD,122479,LTFRRDLYFSRVQVYPPVGA,92.5925925925926,93.33333333333333
P46841,YLVTLYTSLVVLTDD,122479,LTFRRDLYFSRVQVYPPVGA,92.5925925925926,93.33333333333333
P46841,YLVTLYTSLVVLTDD,566648,YEYLINVIHAFQYVIYG,81.48148148148148,93.33333333333333
Q9Q6P4,VIGLYGNGVIMPNGSYI,117034,LFIAAFVGAAATLVS,92.5925925925926,100.0
Q9Q6P4,VIGLYGNGVIMPNGSYI,119751,AMVMDHILLGVFMLVCIIG,92.5925925925926,100.0
Q9Q6P4,VIGLYGNGVIMPNGSYI,122479,LTFRRDLYFSRVQVYPPVGA,92.5925925925926,93.33333333333333
Q9Q6P4,VIGLYGNGVIMPNGSYI,122479,LTFRRDLYFSRVQVYPPVGA,92.5925925925926,93.33333333333333
Q9Q6P4,VIGLYGNGVIMPNGSYI,120186,RTVDRLCLFVVTPVMVVGTA,88.88888888888889,93.33333333333333
Q9Q6P4,VIGLYGNGVIMPNGSYI,119751,AMVMDHILLGVFMLVCIIG,92.5925925925926,100.0
P10211,RADITTVSTFIDLNI,120859,PDAGEKMGLSIFALLTLTVF,88.88888888888889,93.33333333333333
P10211,RADITTVSTFIDLNI,140472,IATMVQCFGHISGGHINPAV,92.5925925925926,93.33333333333333
P10211,TVSTFIDLNITMLED,120859,PDAGEKMGLSIFALLTLTVF,88.88888888888889,93.33333333333333
P10211,TVSTFIDLNITMLED,140472,IATMVQCFGHISGGHINPAV,92.5925925925926,93.33333333333333
P17763,RKELLVTFKNAHAKK,125466,KSDEFNPCEDIMGYKFLRIV,85.18518518518519,93.33333333333333
P17763,RKELLVTFKNAHAKK,230000,IIPAFHFLKSEKGL,85.18518518518519,93.33333333333333
P17763,LRLFMALVAFLRFLT,122479,LTFRRDLYFSRVQVYPPVGA,92.5925925925926,93.33333333333333
P17763,LRLFMALVAFLRFLT,122479,LTFRRDLYFSRVQVYPPVGA,92.5925925925926,93.33333333333333
P17763,LRLFMALVAFLRFLT,125513,NTGLKMFPDLTKVYSTDIFF,81.48148148148148,93.33333333333333
P17763,LRLFMALVAFLRFLT,122775,GIFNTGLKMFPDLTKVYST,81.48148148148148,93.33333333333333
P17763,LRLFMALVAFLRFLT,122775,GIFNTGLKMFPDLTKVYST,81.48148148148148,93.33333333333333
P17763,LRLFMALVAFLRFLT,122326,EETRGVLKVFLENVI,88.88888888888889,93.33333333333333
P17763,LRLFMALVAFLRFLT,566648,YEYLINVIHAFQYVIYG,81.48148148148148,93.33333333333333
P71963,AGWLAFFRDLVARGL,119541,VNFFRMVISNPAATHQDIDF,85.18518518518519,93.33333333333333
P71963,AGWLAFFRDLVARGL,138779,KVNFFRMVISNPAATHQDID,85.18518518518519,93.33333333333333
O06807,AHLIHFAAANLRNPG,135693,ISSVAILIHFLPAKAGGQKC,96.29629629629629,93.33333333333333
O06807,AHLIHFAAANLRNPG,230042,RLSVVHFLRANAVS,92.5925925925926,100.0
O06807,AHLIHFAAANLRNPG,230007,LESVVHFLRGQKVT,85.18518518518519,100.0
P9WIK9,FSLVNFFDAQVGPLS,120336,YHFVMQRLPLYFIVNV,85.18518518518519,93.33333333333333
I6Y4S9,GDCLVAFDAPLVVAN,119752,ANVLVYEGGSVTWLP,92.5925925925926,93.33333333333333
P9WN83,GRLKGILKYYDAPIV,119578,FAIVKFTKVLLQYTGH,88.88888888888889,93.33333333333333
P9WN83,GRLKGILKYYDAPIV,119742,AIVKFTKVLLQYTGHITWTP,88.88888888888889,93.33333333333333
P9WN83,GRLKGILKYYDAPIV,119793,DFAIVKFTKVLLQYTGHI,88.88888888888889,93.33333333333333
P9WN83,GRLKGILKYYDAPIV,119793,DFAIVKFTKVLLQYTGHI,88.88888888888889,93.33333333333333
P9WN83,GRLKGILKYYDAPIV,119742,AIVKFTKVLLQYTGHITWTP,88.88888888888889,93.33333333333333
P9WN83,GRLKGILKYYDAPIV,119743,AIVKFTKVLLQYTGHITWTPP,88.88888888888889,93.33333333333333
P9WN83,GRLKGILKYYDAPIV,119742,AIVKFTKVLLQYTGHITWTP,88.88888888888889,93.33333333333333
P9WN83,GRLKGILKYYDAPIV,135380,YNNADGDFAIVKFTKVLLQY,88.88888888888889,93.33333333333333
P9WN83,GRLKGILKYYDAPIV,119742,AIVKFTKVLLQYTGHITWTP,88.88888888888889,93.33333333333333
P9WN83,GRLKGILKYYDAPIV,119742,AIVKFTKVLLQYTGHITWTP,88.88888888888889,93.33333333333333
P9WN83,GRLKGILKYYDAPIV,230060,SVSVIHFFKAPAAI,88.88888888888889,93.33333333333333
P9WG63,LALVGFLGGLITGIS,117034,LFIAAFVGAAATLVS,100.0,100.0
P9WG63,LALVGFLGGLITGIS,119751,AMVMDHILLGVFMLVCIIG,100.0,100.0
P9WG63,LALVGFLGGLITGIS,122479,LTFRRDLYFSRVQVYPPVGA,92.5925925925926,93.33333333333333
P9WG63,LALVGFLGGLITGIS,122479,LTFRRDLYFSRVQVYPPVGA,92.5925925925926,93.33333333333333
P9WG63,LALVGFLGGLITGIS,120186,RTVDRLCLFVVTPVMVVGTA,96.29629629629629,93.33333333333333
P9WG63,LALVGFLGGLITGIS,119751,AMVMDHILLGVFMLVCIIG,100.0,100.0
I6XWA1,LQVVLRGYASMVAEL,122479,LTFRRDLYFSRVQVYPPVGA,92.5925925925926,93.33333333333333
I6XWA1,LQVVLRGYASMVAEL,122479,LTFRRDLYFSRVQVYPPVGA,92.5925925925926,93.33333333333333
I6XWA1,LQVVLRGYASMVAEL,125513,NTGLKMFPDLTKVYSTDIFF,81.48148148148148,93.33333333333333
I6XWA1,LQVVLRGYASMVAEL,122775,GIFNTGLKMFPDLTKVYST,81.48148148148148,93.33333333333333
I6XWA1,LQVVLRGYASMVAEL,122775,GIFNTGLKMFPDLTKVYST,81.48148148148148,93.33333333333333
I6XWA1,LQVVLRGYASMVAEL,122326,EETRGVLKVFLENVI,88.88888888888889,93.33333333333333
I6XWA1,LQVVLRGYASMVAEL,566648,YEYLINVIHAFQYVIYG,81.48148148148148,93.33333333333333
P9WHT7,TDNGAMIAAFAAQLV,117034,LFIAAFVGAAATLVS,96.29629629629629,93.33333333333333
P9WHT7,TDNGAMIAAFAAQLV,119945,IIGTLAVFAGRLIELNQQG,96.29629629629629,93.33333333333333
P9WHT7,TDNGAMIAAFAAQLV,119945,IIGTLAVFAGRLIELNQQG,96.29629629629629,93.33333333333333
P9WHT7,TDNGAMIAAFAAQLV,119751,AMVMDHILLGVFMLVCIIG,96.29629629629629,93.33333333333333
P9WHT7,TDNGAMIAAFAAQLV,119945,IIGTLAVFAGRLIELNQQG,96.29629629629629,93.33333333333333
P9WHT7,TDNGAMIAAFAAQLV,122746,EEQEDEIIGFGQELKN,85.18518518518519,93.33333333333333
P9WHT7,TDNGAMIAAFAAQLV,122749,EIIGFGQELKNPQEE,85.18518518518519,93.33333333333333
P9WHT7,TDNGAMIAAFAAQLV,125585,TSVQGYAFNGTKLDAVYLNKNKYL,85.18518518518519,93.33333333333333
P9WHT7,TDNGAMIAAFAAQLV,125610,YYVFFEEQEDEIIGFGQELK,85.18518518518519,93.33333333333333
P9WHT7,TDNGAMIAAFAAQLV,125506,NGFTSVQGYAFNGTKLDAVY,85.18518518518519,93.33333333333333
P9WHT7,TDNGAMIAAFAAQLV,125610,YYVFFEEQEDEIIGFGQELK,85.18518518518519,93.33333333333333
P9WHT7,TDNGAMIAAFAAQLV,125506,NGFTSVQGYAFNGTKLDAVY,85.18518518518519,93.33333333333333
P9WHT7,TDNGAMIAAFAAQLV,125610,YYVFFEEQEDEIIGFGQELK,85.18518518518519,93.33333333333333
P9WHT7,TDNGAMIAAFAAQLV,125506,NGFTSVQGYAFNGTKLDAVY,85.18518518518519,93.33333333333333
P9WHT7,TDNGAMIAAFAAQLV,125610,YYVFFEEQEDEIIGFGQELK,85.18518518518519,93.33333333333333
P9WHT7,TDNGAMIAAFAAQLV,122747,EEQEDEIIGFGQELKNPQEE,85.18518518518519,93.33333333333333
P9WHT7,TDNGAMIAAFAAQLV,135025,IPHSSIMGYNFSLLG,88.88888888888889,93.33333333333333
P9WHT7,TDNGAMIAAFAAQLV,122747,EEQEDEIIGFGQELKNPQEE,85.18518518518519,93.33333333333333
P9WHT7,TDNGAMIAAFAAQLV,122747,EEQEDEIIGFGQELKNPQEE,85.18518518518519,93.33333333333333
P9WHT7,TDNGAMIAAFAAQLV,122747,EEQEDEIIGFGQELKNPQEE,85.18518518518519,93.33333333333333
P9WHT7,TDNGAMIAAFAAQLV,122747,EEQEDEIIGFGQELKNPQEE,85.18518518518519,93.33333333333333
P9WHT7,TDNGAMIAAFAAQLV,120186,RTVDRLCLFVVTPVMVVGTA,100.0,100.0
P9WHT7,TDNGAMIAAFAAQLV,119751,AMVMDHILLGVFMLVCIIG,96.29629629629629,93.33333333333333
P9WHT7,TDNGAMIAAFAAQLV,119945,IIGTLAVFAGRLIELNQQG,96.29629629629629,93.33333333333333
P9WHT7,TDNGAMIAAFAAQLV,119945,IIGTLAVFAGRLIELNQQG,96.29629629629629,93.33333333333333
P9WHT7,TDNGAMIAAFAAQLV,186725,YKIADPICTFIFSIL,92.5925925925926,93.33333333333333
P9WHT7,TDNGAMIAAFAAQLV,186725,YKIADPICTFIFSIL,92.5925925925926,93.33333333333333
P9WHT7,TDNGAMIAAFAAQLV,186725,YKIADPICTFIFSIL,92.5925925925926,93.33333333333333
P17763,GKIVGLYGNGVVTTS,117034,LFIAAFVGAAATLVS,92.5925925925926,100.0
P17763,GKIVGLYGNGVVTTS,119751,AMVMDHILLGVFMLVCIIG,92.5925925925926,100.0
P17763,GKIVGLYGNGVVTTS,122479,LTFRRDLYFSRVQVYPPVGA,92.5925925925926,93.33333333333333
P17763,GKIVGLYGNGVVTTS,122479,LTFRRDLYFSRVQVYPPVGA,92.5925925925926,93.33333333333333
P17763,GKIVGLYGNGVVTTS,120186,RTVDRLCLFVVTPVMVVGTA,88.88888888888889,93.33333333333333
P17763,GKIVGLYGNGVVTTS,119751,AMVMDHILLGVFMLVCIIG,92.5925925925926,100.0
P17763,GPLKLFMALVAFLRF,122479,LTFRRDLYFSRVQVYPPVGA,92.5925925925926,93.33333333333333
P17763,GPLKLFMALVAFLRF,122479,LTFRRDLYFSRVQVYPPVGA,92.5925925925926,93.33333333333333
P17763,GPLKLFMALVAFLRF,125513,NTGLKMFPDLTKVYSTDIFF,81.48148148148148,93.33333333333333
P17763,GPLKLFMALVAFLRF,122775,GIFNTGLKMFPDLTKVYST,81.48148148148148,93.33333333333333
P17763,GPLKLFMALVAFLRF,122775,GIFNTGLKMFPDLTKVYST,81.48148148148148,93.33333333333333
P17763,GPLKLFMALVAFLRF,122326,EETRGVLKVFLENVI,88.88888888888889,93.33333333333333
P17763,GPLKLFMALVAFLRF,566648,YEYLINVIHAFQYVIYG,81.48148148148148,93.33333333333333
P9WQJ7,LIGFALLAFCSVVAR,117034,LFIAAFVGAAATLVS,96.29629629629629,100.0
P9WQJ7,LIGFALLAFCSVVAR,119751,AMVMDHILLGVFMLVCIIG,96.29629629629629,100.0
P9WQJ7,LIGFALLAFCSVVAR,122479,LTFRRDLYFSRVQVYPPVGA,88.88888888888889,93.33333333333333
P9WQJ7,LIGFALLAFCSVVAR,122479,LTFRRDLYFSRVQVYPPVGA,88.88888888888889,93.33333333333333
P9WQJ7,LIGFALLAFCSVVAR,120186,RTVDRLCLFVVTPVMVVGTA,92.5925925925926,93.33333333333333
P9WQJ7,LIGFALLAFCSVVAR,119751,AMVMDHILLGVFMLVCIIG,96.29629629629629,100.0
I6X7Z3,TVIILFLAGAVVNLK,117034,LFIAAFVGAAATLVS,100.0,100.0
I6X7Z3,TVIILFLAGAVVNLK,119751,AMVMDHILLGVFMLVCIIG,100.0,100.0
I6X7Z3,TVIILFLAGAVVNLK,122479,LTFRRDLYFSRVQVYPPVGA,92.5925925925926,93.33333333333333
I6X7Z3,TVIILFLAGAVVNLK,122479,LTFRRDLYFSRVQVYPPVGA,92.5925925925926,93.33333333333333
I6X7Z3,TVIILFLAGAVVNLK,120186,RTVDRLCLFVVTPVMVVGTA,96.29629629629629,93.33333333333333
I6X7Z3,TVIILFLAGAVVNLK,119751,AMVMDHILLGVFMLVCIIG,100.0,100.0
P14336,LVEFGAPHAVKMDVY,135693,ISSVAILIHFLPAKAGGQKC,96.29629629629629,93.33333333333333
P06927,LLSVSTYTSLILLVL,112214,LSRFSWGAEGQRPGFGYGG,81.48148148148148,93.33333333333333
P06927,LLSVSTYTSLILLVL,112214,LSRFSWGAEGQRPGFGYGG,81.48148148148148,93.33333333333333
P06927,LLSVSTYTSLILLVL,113080,LSRFSWGAEGQRPGFGYGGR,81.48148148148148,93.33333333333333
P06927,LLSVSTYTSLILLVL,113080,LSRFSWGAEGQRPGFGYGGR,81.48148148148148,93.33333333333333
P06927,LLSVSTYTSLILLVL,114366,GKGRGLSLSRFSWGAEGQRP,81.48148148148148,93.33333333333333
P06927,LLSVSTYTSLILLVL,113080,LSRFSWGAEGQRPGFGYGGR,81.48148148148148,93.33333333333333
P06927,LLSVSTYTSLILLVL,112214,LSRFSWGAEGQRPGFGYGG,81.48148148148148,93.33333333333333
P06927,LLSVSTYTSLILLVL,112214,LSRFSWGAEGQRPGFGYGG,81.48148148148148,93.33333333333333
P06927,LLSVSTYTSLILLVL,112214,LSRFSWGAEGQRPGFGYGG,81.48148148148148,93.33333333333333
P06927,LLSVSTYTSLILLVL,113716,PSQGKGRGLSLSRFSWGAEG,81.48148148148148,93.33333333333333
P06927,LLSVSTYTSLILLVL,113716,PSQGKGRGLSLSRFSWGAEG,81.48148148148148,93.33333333333333
P06927,LLSVSTYTSLILLVL,113080,LSRFSWGAEGQRPGFGYGGR,81.48148148148148,93.33333333333333
P06927,LLSVSTYTSLILLVL,113080,LSRFSWGAEGQRPGFGYGGR,81.48148148148148,93.33333333333333
P06927,LLSVSTYTSLILLVL,114367,GLSLSRFSWGAEGQRPGFGYGGRA,81.48148148148148,93.33333333333333
P06927,LLSVSTYTSLILLVL,116414,LSLSRFSWGAEGQRPGFGY,81.48148148148148,93.33333333333333
P06927,LLSVSTYTSLILLVL,115636,PSQGKGRGLSLSRFSWGAE,81.48148148148148,93.33333333333333
P06927,LLSVSTYTSLILLVL,115636,PSQGKGRGLSLSRFSWGAE,81.48148148148148,93.33333333333333
P06927,LLSVSTYTSLILLVL,115636,PSQGKGRGLSLSRFSWGAE,81.48148148148148,93.33333333333333
P06927,LLSVSTYTSLILLVL,115636,PSQGKGRGLSLSRFSWGAE,81.48148148148148,93.33333333333333
P06927,LLSVSTYTSLILLVL,115636,PSQGKGRGLSLSRFSWGAE,81.48148148148148,93.33333333333333
P06927,LLSVSTYTSLILLVL,112214,LSRFSWGAEGQRPGFGYGG,81.48148148148148,93.33333333333333
P06927,LLSVSTYTSLILLVL,112214,LSRFSWGAEGQRPGFGYGG,81.48148148148148,93.33333333333333
P06927,LLSVSTYTSLILLVL,112214,LSRFSWGAEGQRPGFGYGG,81.48148148148148,93.33333333333333
P06927,LLSVSTYTSLILLVL,112214,LSRFSWGAEGQRPGFGYGG,81.48148148148148,93.33333333333333
P06927,LLSVSTYTSLILLVL,112214,LSRFSWGAEGQRPGFGYGG,81.48148148148148,93.33333333333333
P06927,LLSVSTYTSLILLVL,113716,PSQGKGRGLSLSRFSWGAEG,81.48148148148148,93.33333333333333
P06927,LLSVSTYTSLILLVL,113080,LSRFSWGAEGQRPGFGYGGR,81.48148148148148,93.33333333333333
P06927,LLSVSTYTSLILLVL,113716,PSQGKGRGLSLSRFSWGAEG,81.48148148148148,93.33333333333333
P06927,LLSVSTYTSLILLVL,113080,LSRFSWGAEGQRPGFGYGGR,81.48148148148148,93.33333333333333
P06927,LLSVSTYTSLILLVL,112214,LSRFSWGAEGQRPGFGYGG,81.48148148148148,93.33333333333333
P06927,LLSVSTYTSLILLVL,119613,LSLSRFSWGAEGQRPGFGYG,81.48148148148148,93.33333333333333
P06927,LLSVSTYTSLILLVL,120809,MVLVTFSVILSVVVLNLHHR,85.18518518518519,93.33333333333333
P06927,LLSVSTYTSLILLVL,131946,LGTLGSCLQRFTTMPFLFCN,88.88888888888889,93.33333333333333
P06927,LLSVSTYTSLILLVL,112214,LSRFSWGAEGQRPGFGYGG,81.48148148148148,93.33333333333333
P06927,LLSVSTYTSLILLVL,131946,LGTLGSCLQRFTTMPFLFCN,88.88888888888889,93.33333333333333
P06927,LLSVSTYTSLILLVL,115057,GLSLSRFSWGAEGQRPGFG,81.48148148148148,93.33333333333333
P06927,LLSVSTYTSLILLVL,112214,LSRFSWGAEGQRPGFGYGG,81.48148148148148,93.33333333333333
P06927,LLSVSTYTSLILLVL,112214,LSRFSWGAEGQRPGFGYGG,81.48148148148148,93.33333333333333
P06927,LLSVSTYTSLILLVL,112214,LSRFSWGAEGQRPGFGYGG,81.48148148148148,93.33333333333333
P06927,LLSVSTYTSLILLVL,112214,LSRFSWGAEGQRPGFGYGG,81.48148148148148,93.33333333333333
S5Y3I5,GVLVFLATNVHADTGCAI,131002,PITQILGFGPRSQGVFLARY,92.5925925925926,93.33333333333333
S5Y3I5,GVLVFLATNVHADTGCAI,120186,RTVDRLCLFVVTPVMVVGTA,96.29629629629629,93.33333333333333
P17763,KELLVTFKNAHAKKQ,125466,KSDEFNPCEDIMGYKFLRIV,85.18518518518519,93.33333333333333
P17763,KELLVTFKNAHAKKQ,230000,IIPAFHFLKSEKGL,85.18518518518519,93.33333333333333
P17763,KETLVTFKNPHAKKQ,125466,KSDEFNPCEDIMGYKFLRIV,85.18518518518519,93.33333333333333
P17763,KETLVTFKNPHAKKQ,230000,IIPAFHFLKSEKGL,85.18518518518519,93.33333333333333
Q32ZE1,SLMCLALGGVLIFLSTAVSA,117034,LFIAAFVGAAATLVS,92.5925925925926,93.33333333333333
Q32ZE1,SLMCLALGGVLIFLSTAVSA,119945,IIGTLAVFAGRLIELNQQG,92.5925925925926,93.33333333333333
Q32ZE1,SLMCLALGGVLIFLSTAVSA,119945,IIGTLAVFAGRLIELNQQG,92.5925925925926,93.33333333333333
Q32ZE1,SLMCLALGGVLIFLSTAVSA,119751,AMVMDHILLGVFMLVCIIG,92.5925925925926,93.33333333333333
Q32ZE1,SLMCLALGGVLIFLSTAVSA,119945,IIGTLAVFAGRLIELNQQG,92.5925925925926,93.33333333333333
Q32ZE1,SLMCLALGGVLIFLSTAVSA,122746,EEQEDEIIGFGQELKN,88.88888888888889,93.33333333333333
Q32ZE1,SLMCLALGGVLIFLSTAVSA,122749,EIIGFGQELKNPQEE,88.88888888888889,93.33333333333333
Q32ZE1,SLMCLALGGVLIFLSTAVSA,125585,TSVQGYAFNGTKLDAVYLNKNKYL,81.48148148148148,93.33333333333333
Q32ZE1,SLMCLALGGVLIFLSTAVSA,125610,YYVFFEEQEDEIIGFGQELK,88.88888888888889,93.33333333333333
Q32ZE1,SLMCLALGGVLIFLSTAVSA,125506,NGFTSVQGYAFNGTKLDAVY,81.48148148148148,93.33333333333333
Q32ZE1,SLMCLALGGVLIFLSTAVSA,125610,YYVFFEEQEDEIIGFGQELK,88.88888888888889,93.33333333333333
Q32ZE1,SLMCLALGGVLIFLSTAVSA,125506,NGFTSVQGYAFNGTKLDAVY,81.48148148148148,93.33333333333333
Q32ZE1,SLMCLALGGVLIFLSTAVSA,125610,YYVFFEEQEDEIIGFGQELK,88.88888888888889,93.33333333333333
Q32ZE1,SLMCLALGGVLIFLSTAVSA,125506,NGFTSVQGYAFNGTKLDAVY,81.48148148148148,93.33333333333333
Q32ZE1,SLMCLALGGVLIFLSTAVSA,125610,YYVFFEEQEDEIIGFGQELK,88.88888888888889,93.33333333333333
Q32ZE1,SLMCLALGGVLIFLSTAVSA,122747,EEQEDEIIGFGQELKNPQEE,88.88888888888889,93.33333333333333
Q32ZE1,SLMCLALGGVLIFLSTAVSA,135025,IPHSSIMGYNFSLLG,85.18518518518519,93.33333333333333
Q32ZE1,SLMCLALGGVLIFLSTAVSA,122747,EEQEDEIIGFGQELKNPQEE,88.88888888888889,93.33333333333333
Q32ZE1,SLMCLALGGVLIFLSTAVSA,122747,EEQEDEIIGFGQELKNPQEE,88.88888888888889,93.33333333333333
Q32ZE1,SLMCLALGGVLIFLSTAVSA,122747,EEQEDEIIGFGQELKNPQEE,88.88888888888889,93.33333333333333
Q32ZE1,SLMCLALGGVLIFLSTAVSA,122747,EEQEDEIIGFGQELKNPQEE,88.88888888888889,93.33333333333333
Q32ZE1,SLMCLALGGVLIFLSTAVSA,120186,RTVDRLCLFVVTPVMVVGTA,96.29629629629629,100.0
Q32ZE1,SLMCLALGGVLIFLSTAVSA,119751,AMVMDHILLGVFMLVCIIG,92.5925925925926,93.33333333333333
Q32ZE1,SLMCLALGGVLIFLSTAVSA,119945,IIGTLAVFAGRLIELNQQG,92.5925925925926,93.33333333333333
Q32ZE1,SLMCLALGGVLIFLSTAVSA,119945,IIGTLAVFAGRLIELNQQG,92.5925925925926,93.33333333333333
Q32ZE1,SLMCLALGGVLIFLSTAVSA,186725,YKIADPICTFIFSIL,88.88888888888889,93.33333333333333
Q32ZE1,SLMCLALGGVLIFLSTAVSA,186725,YKIADPICTFIFSIL,88.88888888888889,93.33333333333333
Q32ZE1,SLMCLALGGVLIFLSTAVSA,186725,YKIADPICTFIFSIL,88.88888888888889,93.33333333333333
P09264,STVLLFSSVVANK,117034,LFIAAFVGAAATLVS,92.5925925925926,93.33333333333333
P09264,STVLLFSSVVANK,120809,MVLVTFSVILSVVVLNLHHR,88.88888888888889,93.33333333333333
P09264,STVLLFSSVVANK,119751,AMVMDHILLGVFMLVCIIG,92.5925925925926,93.33333333333333
P09264,STVLLFSSVVANK,135025,IPHSSIMGYNFSLLG,85.18518518518519,93.33333333333333
P09264,STVLLFSSVVANK,119751,AMVMDHILLGVFMLVCIIG,92.5925925925926,93.33333333333333
P17763,GPLKLYMALVAFLRF,122479,LTFRRDLYFSRVQVYPPVGA,96.29629629629629,93.33333333333333
P17763,GPLKLYMALVAFLRF,122479,LTFRRDLYFSRVQVYPPVGA,96.29629629629629,93.33333333333333
P17763,GPLKLYMALVAFLRF,125513,NTGLKMFPDLTKVYSTDIFF,77.77777777777779,93.33333333333333
P17763,GPLKLYMALVAFLRF,122775,GIFNTGLKMFPDLTKVYST,77.77777777777779,93.33333333333333
P17763,GPLKLYMALVAFLRF,122775,GIFNTGLKMFPDLTKVYST,77.77777777777779,93.33333333333333
P17763,GPLKLYMALVAFLRF,122326,EETRGVLKVFLENVI,85.18518518518519,93.33333333333333
P17763,GPLKLYMALVAFLRF,566648,YEYLINVIHAFQYVIYG,77.77777777777779,93.33333333333333
P17763,HPGFTILALFLAHYI,131002,PITQILGFGPRSQGVFLARY,92.5925925925926,93.33333333333333
P17763,HPGFTVIALFLAHAI,119945,IIGTLAVFAGRLIELNQQG,100.0,100.0
P17763,HPGFTVIALFLAHAI,119945,IIGTLAVFAGRLIELNQQG,100.0,100.0
P17763,HPGFTVIALFLAHAI,119945,IIGTLAVFAGRLIELNQQG,100.0,100.0
P17763,HPGFTVIALFLAHAI,122746,EEQEDEIIGFGQELKN,85.18518518518519,93.33333333333333
P17763,HPGFTVIALFLAHAI,122749,EIIGFGQELKNPQEE,85.18518518518519,93.33333333333333
P17763,HPGFTVIALFLAHAI,125610,YYVFFEEQEDEIIGFGQELK,85.18518518518519,93.33333333333333
P17763,HPGFTVIALFLAHAI,125610,YYVFFEEQEDEIIGFGQELK,85.18518518518519,93.33333333333333
P17763,HPGFTVIALFLAHAI,125610,YYVFFEEQEDEIIGFGQELK,85.18518518518519,93.33333333333333
P17763,HPGFTVIALFLAHAI,125610,YYVFFEEQEDEIIGFGQELK,85.18518518518519,93.33333333333333
P17763,HPGFTVIALFLAHAI,122747,EEQEDEIIGFGQELKNPQEE,85.18518518518519,93.33333333333333
P17763,HPGFTVIALFLAHAI,131002,PITQILGFGPRSQGVFLARY,92.5925925925926,93.33333333333333
P17763,HPGFTVIALFLAHAI,122747,EEQEDEIIGFGQELKNPQEE,85.18518518518519,93.33333333333333
P17763,HPGFTVIALFLAHAI,122747,EEQEDEIIGFGQELKNPQEE,85.18518518518519,93.33333333333333
P17763,HPGFTVIALFLAHAI,122747,EEQEDEIIGFGQELKNPQEE,85.18518518518519,93.33333333333333
P17763,HPGFTVIALFLAHAI,122747,EEQEDEIIGFGQELKNPQEE,85.18518518518519,93.33333333333333
P17763,HPGFTVIALFLAHAI,120186,RTVDRLCLFVVTPVMVVGTA,96.29629629629629,93.33333333333333
P17763,HPGFTVIALFLAHAI,119945,IIGTLAVFAGRLIELNQQG,100.0,100.0
P17763,HPGFTVIALFLAHAI,119945,IIGTLAVFAGRLIELNQQG,100.0,100.0
Q32ZE1,GRVIGLYGNGVVIKN,117034,LFIAAFVGAAATLVS,92.5925925925926,100.0
Q32ZE1,GRVIGLYGNGVVIKN,119751,AMVMDHILLGVFMLVCIIG,92.5925925925926,100.0
Q32ZE1,GRVIGLYGNGVVIKN,122479,LTFRRDLYFSRVQVYPPVGA,92.5925925925926,93.33333333333333
Q32ZE1,GRVIGLYGNGVVIKN,122479,LTFRRDLYFSRVQVYPPVGA,92.5925925925926,93.33333333333333
Q32ZE1,GRVIGLYGNGVVIKN,120186,RTVDRLCLFVVTPVMVVGTA,88.88888888888889,93.33333333333333
Q32ZE1,GRVIGLYGNGVVIKN,119751,AMVMDHILLGVFMLVCIIG,92.5925925925926,100.0
Q32ZE1,LNTFTNLVVQLIRNM,112214,LSRFSWGAEGQRPGFGYGG,85.18518518518519,93.33333333333333
Q32ZE1,LNTFTNLVVQLIRNM,112214,LSRFSWGAEGQRPGFGYGG,85.18518518518519,93.33333333333333
Q32ZE1,LNTFTNLVVQLIRNM,113080,LSRFSWGAEGQRPGFGYGGR,85.18518518518519,93.33333333333333
Q32ZE1,LNTFTNLVVQLIRNM,113080,LSRFSWGAEGQRPGFGYGGR,85.18518518518519,93.33333333333333
Q32ZE1,LNTFTNLVVQLIRNM,114366,GKGRGLSLSRFSWGAEGQRP,85.18518518518519,93.33333333333333
Q32ZE1,LNTFTNLVVQLIRNM,113080,LSRFSWGAEGQRPGFGYGGR,85.18518518518519,93.33333333333333
Q32ZE1,LNTFTNLVVQLIRNM,112214,LSRFSWGAEGQRPGFGYGG,85.18518518518519,93.33333333333333
Q32ZE1,LNTFTNLVVQLIRNM,112214,LSRFSWGAEGQRPGFGYGG,85.18518518518519,93.33333333333333
Q32ZE1,LNTFTNLVVQLIRNM,112214,LSRFSWGAEGQRPGFGYGG,85.18518518518519,93.33333333333333
Q32ZE1,LNTFTNLVVQLIRNM,113716,PSQGKGRGLSLSRFSWGAEG,85.18518518518519,93.33333333333333
Q32ZE1,LNTFTNLVVQLIRNM,113716,PSQGKGRGLSLSRFSWGAEG,85.18518518518519,93.33333333333333
Q32ZE1,LNTFTNLVVQLIRNM,113080,LSRFSWGAEGQRPGFGYGGR,85.18518518518519,93.33333333333333
Q32ZE1,LNTFTNLVVQLIRNM,113080,LSRFSWGAEGQRPGFGYGGR,85.18518518518519,93.33333333333333
Q32ZE1,LNTFTNLVVQLIRNM,114367,GLSLSRFSWGAEGQRPGFGYGGRA,85.18518518518519,93.33333333333333
Q32ZE1,LNTFTNLVVQLIRNM,116414,LSLSRFSWGAEGQRPGFGY,85.18518518518519,93.33333333333333
Q32ZE1,LNTFTNLVVQLIRNM,115636,PSQGKGRGLSLSRFSWGAE,85.18518518518519,93.33333333333333
Q32ZE1,LNTFTNLVVQLIRNM,115636,PSQGKGRGLSLSRFSWGAE,85.18518518518519,93.33333333333333
Q32ZE1,LNTFTNLVVQLIRNM,115636,PSQGKGRGLSLSRFSWGAE,85.18518518518519,93.33333333333333
Q32ZE1,LNTFTNLVVQLIRNM,115636,PSQGKGRGLSLSRFSWGAE,85.18518518518519,93.33333333333333
Q32ZE1,LNTFTNLVVQLIRNM,115636,PSQGKGRGLSLSRFSWGAE,85.18518518518519,93.33333333333333
Q32ZE1,LNTFTNLVVQLIRNM,112214,LSRFSWGAEGQRPGFGYGG,85.18518518518519,93.33333333333333
Q32ZE1,LNTFTNLVVQLIRNM,112214,LSRFSWGAEGQRPGFGYGG,85.18518518518519,93.33333333333333
Q32ZE1,LNTFTNLVVQLIRNM,112214,LSRFSWGAEGQRPGFGYGG,85.18518518518519,93.33333333333333
Q32ZE1,LNTFTNLVVQLIRNM,112214,LSRFSWGAEGQRPGFGYGG,85.18518518518519,93.33333333333333
Q32ZE1,LNTFTNLVVQLIRNM,112214,LSRFSWGAEGQRPGFGYGG,85.18518518518519,93.33333333333333
Q32ZE1,LNTFTNLVVQLIRNM,113716,PSQGKGRGLSLSRFSWGAEG,85.18518518518519,93.33333333333333
Q32ZE1,LNTFTNLVVQLIRNM,113080,LSRFSWGAEGQRPGFGYGGR,85.18518518518519,93.33333333333333
Q32ZE1,LNTFTNLVVQLIRNM,113716,PSQGKGRGLSLSRFSWGAEG,85.18518518518519,93.33333333333333
Q32ZE1,LNTFTNLVVQLIRNM,113080,LSRFSWGAEGQRPGFGYGGR,85.18518518518519,93.33333333333333
Q32ZE1,LNTFTNLVVQLIRNM,112214,LSRFSWGAEGQRPGFGYGG,85.18518518518519,93.33333333333333
Q32ZE1,LNTFTNLVVQLIRNM,119613,LSLSRFSWGAEGQRPGFGYG,85.18518518518519,93.33333333333333
Q32ZE1,LNTFTNLVVQLIRNM,120809,MVLVTFSVILSVVVLNLHHR,88.88888888888889,93.33333333333333
Q32ZE1,LNTFTNLVVQLIRNM,131946,LGTLGSCLQRFTTMPFLFCN,92.5925925925926,93.33333333333333
Q32ZE1,LNTFTNLVVQLIRNM,112214,LSRFSWGAEGQRPGFGYGG,85.18518518518519,93.33333333333333
Q32ZE1,LNTFTNLVVQLIRNM,131946,LGTLGSCLQRFTTMPFLFCN,92.5925925925926,93.33333333333333
Q32ZE1,LNTFTNLVVQLIRNM,115057,GLSLSRFSWGAEGQRPGFG,85.18518518518519,93.33333333333333
Q32ZE1,LNTFTNLVVQLIRNM,112214,LSRFSWGAEGQRPGFGYGG,85.18518518518519,93.33333333333333
Q32ZE1,LNTFTNLVVQLIRNM,112214,LSRFSWGAEGQRPGFGYGG,85.18518518518519,93.33333333333333
Q32ZE1,LNTFTNLVVQLIRNM,112214,LSRFSWGAEGQRPGFGYGG,85.18518518518519,93.33333333333333
Q32ZE1,LNTFTNLVVQLIRNM,112214,LSRFSWGAEGQRPGFGYGG,85.18518518518519,93.33333333333333
Q9Q6P4,GDVIGLYGNGVIMPN,117034,LFIAAFVGAAATLVS,92.5925925925926,100.0
Q9Q6P4,GDVIGLYGNGVIMPN,119751,AMVMDHILLGVFMLVCIIG,92.5925925925926,100.0
Q9Q6P4,GDVIGLYGNGVIMPN,122479,LTFRRDLYFSRVQVYPPVGA,92.5925925925926,93.33333333333333
Q9Q6P4,GDVIGLYGNGVIMPN,122479,LTFRRDLYFSRVQVYPPVGA,92.5925925925926,93.33333333333333
Q9Q6P4,GDVIGLYGNGVIMPN,120186,RTVDRLCLFVVTPVMVVGTA,88.88888888888889,93.33333333333333
Q9Q6P4,GDVIGLYGNGVIMPN,119751,AMVMDHILLGVFMLVCIIG,92.5925925925926,100.0
P03314,GEVIGLYGNGILVGD,117034,LFIAAFVGAAATLVS,92.5925925925926,100.0
P03314,GEVIGLYGNGILVGD,119751,AMVMDHILLGVFMLVCIIG,92.5925925925926,100.0
P03314,GEVIGLYGNGILVGD,122479,LTFRRDLYFSRVQVYPPVGA,92.5925925925926,93.33333333333333
P03314,GEVIGLYGNGILVGD,122479,LTFRRDLYFSRVQVYPPVGA,92.5925925925926,93.33333333333333
P03314,GEVIGLYGNGILVGD,120186,RTVDRLCLFVVTPVMVVGTA,88.88888888888889,93.33333333333333
P03314,GEVIGLYGNGILVGD,119751,AMVMDHILLGVFMLVCIIG,92.5925925925926,100.0
P17763,GKVIGLYGNGVVTKS,117034,LFIAAFVGAAATLVS,92.5925925925926,100.0
P17763,GKVIGLYGNGVVTKS,119751,AMVMDHILLGVFMLVCIIG,92.5925925925926,100.0
P17763,GKVIGLYGNGVVTKS,122479,LTFRRDLYFSRVQVYPPVGA,92.5925925925926,93.33333333333333
P17763,GKVIGLYGNGVVTKS,122479,LTFRRDLYFSRVQVYPPVGA,92.5925925925926,93.33333333333333
P17763,GKVIGLYGNGVVTKS,120186,RTVDRLCLFVVTPVMVVGTA,88.88888888888889,93.33333333333333
P17763,GKVIGLYGNGVVTKS,119751,AMVMDHILLGVFMLVCIIG,92.5925925925926,100.0
P17763,GKVVGLYGNGVVTKN,117034,LFIAAFVGAAATLVS,92.5925925925926,100.0
P17763,GKVVGLYGNGVVTKN,119751,AMVMDHILLGVFMLVCIIG,92.5925925925926,100.0
P17763,GKVVGLYGNGVVTKN,122479,LTFRRDLYFSRVQVYPPVGA,92.5925925925926,93.33333333333333
P17763,GKVVGLYGNGVVTKN,122479,LTFRRDLYFSRVQVYPPVGA,92.5925925925926,93.33333333333333
P17763,GKVVGLYGNGVVTKN,120186,RTVDRLCLFVVTPVMVVGTA,88.88888888888889,93.33333333333333
P17763,GKVVGLYGNGVVTKN,119751,AMVMDHILLGVFMLVCIIG,92.5925925925926,100.0
P17763,GKVVGLYGNGVVTRS,117034,LFIAAFVGAAATLVS,92.5925925925926,100.0
P17763,GKVVGLYGNGVVTRS,119751,AMVMDHILLGVFMLVCIIG,92.5925925925926,100.0
P17763,GKVVGLYGNGVVTRS,122479,LTFRRDLYFSRVQVYPPVGA,92.5925925925926,93.33333333333333
P17763,GKVVGLYGNGVVTRS,122479,LTFRRDLYFSRVQVYPPVGA,92.5925925925926,93.33333333333333
P17763,GKVVGLYGNGVVTRS,120186,RTVDRLCLFVVTPVMVVGTA,88.88888888888889,93.33333333333333
P17763,GKVVGLYGNGVVTRS,119751,AMVMDHILLGVFMLVCIIG,92.5925925925926,100.0
P0DTC2,LTDEMIAQYTSALLA,119578,FAIVKFTKVLLQYTGH,88.88888888888889,93.33333333333333
P0DTC2,LTDEMIAQYTSALLA,119742,AIVKFTKVLLQYTGHITWTP,88.88888888888889,93.33333333333333
P0DTC2,LTDEMIAQYTSALLA,119793,DFAIVKFTKVLLQYTGHI,88.88888888888889,93.33333333333333
P0DTC2,LTDEMIAQYTSALLA,119793,DFAIVKFTKVLLQYTGHI,88.88888888888889,93.33333333333333
P0DTC2,LTDEMIAQYTSALLA,119742,AIVKFTKVLLQYTGHITWTP,88.88888888888889,93.33333333333333
P0DTC2,LTDEMIAQYTSALLA,119743,AIVKFTKVLLQYTGHITWTPP,88.88888888888889,93.33333333333333
P0DTC2,LTDEMIAQYTSALLA,120809,MVLVTFSVILSVVVLNLHHR,88.88888888888889,100.0
P0DTC2,LTDEMIAQYTSALLA,119742,AIVKFTKVLLQYTGHITWTP,88.88888888888889,93.33333333333333
P0DTC2,LTDEMIAQYTSALLA,135053,KGLVASYQVGQDLTV,85.18518518518519,93.33333333333333
P0DTC2,LTDEMIAQYTSALLA,135053,KGLVASYQVGQDLTV,85.18518518518519,93.33333333333333
P0DTC2,LTDEMIAQYTSALLA,135380,YNNADGDFAIVKFTKVLLQY,88.88888888888889,93.33333333333333
P0DTC2,LTDEMIAQYTSALLA,119742,AIVKFTKVLLQYTGHITWTP,88.88888888888889,93.33333333333333
P0DTC2,LTDEMIAQYTSALLA,119742,AIVKFTKVLLQYTGHITWTP,88.88888888888889,93.33333333333333
P0DTC2,TDEMIAQYTSALLAG,119578,FAIVKFTKVLLQYTGH,88.88888888888889,93.33333333333333
P0DTC2,TDEMIAQYTSALLAG,119742,AIVKFTKVLLQYTGHITWTP,88.88888888888889,93.33333333333333
P0DTC2,TDEMIAQYTSALLAG,119793,DFAIVKFTKVLLQYTGHI,88.88888888888889,93.33333333333333
P0DTC2,TDEMIAQYTSALLAG,119793,DFAIVKFTKVLLQYTGHI,88.88888888888889,93.33333333333333
P0DTC2,TDEMIAQYTSALLAG,119742,AIVKFTKVLLQYTGHITWTP,88.88888888888889,93.33333333333333
P0DTC2,TDEMIAQYTSALLAG,119743,AIVKFTKVLLQYTGHITWTPP,88.88888888888889,93.33333333333333
P0DTC2,TDEMIAQYTSALLAG,120809,MVLVTFSVILSVVVLNLHHR,88.88888888888889,100.0
P0DTC2,TDEMIAQYTSALLAG,119742,AIVKFTKVLLQYTGHITWTP,88.88888888888889,93.33333333333333
P0DTC2,TDEMIAQYTSALLAG,135053,KGLVASYQVGQDLTV,85.18518518518519,93.33333333333333
P0DTC2,TDEMIAQYTSALLAG,135053,KGLVASYQVGQDLTV,85.18518518518519,93.33333333333333
P0DTC2,TDEMIAQYTSALLAG,135380,YNNADGDFAIVKFTKVLLQY,88.88888888888889,93.33333333333333
P0DTC2,TDEMIAQYTSALLAG,119742,AIVKFTKVLLQYTGHITWTP,88.88888888888889,93.33333333333333
P0DTC2,TDEMIAQYTSALLAG,119742,AIVKFTKVLLQYTGHITWTP,88.88888888888889,93.33333333333333
P0DTD1,LMIERFVSLAIDAYP,120910,RFQPELSAPDLRRFIDGPNR,88.88888888888889,93.33333333333333
P0DTC1,VLSFCAFAVDAAKAY,122513,PFLLTFPDYLPCSVMLQPAP,88.88888888888889,93.33333333333333
P0DTC1,VLSFCAFAVDAAKAY,122513,PFLLTFPDYLPCSVMLQPAP,88.88888888888889,93.33333333333333
P0DTC2,MIAQYTSALLAGTIT,119578,FAIVKFTKVLLQYTGH,88.88888888888889,93.33333333333333
P0DTC2,MIAQYTSALLAGTIT,119742,AIVKFTKVLLQYTGHITWTP,88.88888888888889,93.33333333333333
P0DTC2,MIAQYTSALLAGTIT,119793,DFAIVKFTKVLLQYTGHI,88.88888888888889,93.33333333333333
P0DTC2,MIAQYTSALLAGTIT,119793,DFAIVKFTKVLLQYTGHI,88.88888888888889,93.33333333333333
P0DTC2,MIAQYTSALLAGTIT,119742,AIVKFTKVLLQYTGHITWTP,88.88888888888889,93.33333333333333
P0DTC2,MIAQYTSALLAGTIT,119743,AIVKFTKVLLQYTGHITWTPP,88.88888888888889,93.33333333333333
P0DTC2,MIAQYTSALLAGTIT,120809,MVLVTFSVILSVVVLNLHHR,88.88888888888889,100.0
P0DTC2,MIAQYTSALLAGTIT,119742,AIVKFTKVLLQYTGHITWTP,88.88888888888889,93.33333333333333
P0DTC2,MIAQYTSALLAGTIT,135053,KGLVASYQVGQDLTV,85.18518518518519,93.33333333333333
P0DTC2,MIAQYTSALLAGTIT,135053,KGLVASYQVGQDLTV,85.18518518518519,93.33333333333333
P0DTC2,MIAQYTSALLAGTIT,135380,YNNADGDFAIVKFTKVLLQY,88.88888888888889,93.33333333333333
P0DTC2,MIAQYTSALLAGTIT,119742,AIVKFTKVLLQYTGHITWTP,88.88888888888889,93.33333333333333
P0DTC2,MIAQYTSALLAGTIT,119742,AIVKFTKVLLQYTGHITWTP,88.88888888888889,93.33333333333333
P0DTC2,IAQYTSALL,119578,FAIVKFTKVLLQYTGH,88.88888888888889,93.33333333333333
P0DTC2,IAQYTSALL,119742,AIVKFTKVLLQYTGHITWTP,88.88888888888889,93.33333333333333
P0DTC2,IAQYTSALL,119793,DFAIVKFTKVLLQYTGHI,88.88888888888889,93.33333333333333
P0DTC2,IAQYTSALL,119793,DFAIVKFTKVLLQYTGHI,88.88888888888889,93.33333333333333
P0DTC2,IAQYTSALL,119742,AIVKFTKVLLQYTGHITWTP,88.88888888888889,93.33333333333333
P0DTC2,IAQYTSALL,119743,AIVKFTKVLLQYTGHITWTPP,88.88888888888889,93.33333333333333
P0DTC2,IAQYTSALL,120809,MVLVTFSVILSVVVLNLHHR,88.88888888888889,100.0
P0DTC2,IAQYTSALL,119742,AIVKFTKVLLQYTGHITWTP,88.88888888888889,93.33333333333333
P0DTC2,IAQYTSALL,135053,KGLVASYQVGQDLTV,85.18518518518519,93.33333333333333
P0DTC2,IAQYTSALL,135053,KGLVASYQVGQDLTV,85.18518518518519,93.33333333333333
P0DTC2,IAQYTSALL,135380,YNNADGDFAIVKFTKVLLQY,88.88888888888889,93.33333333333333
P0DTC2,IAQYTSALL,119742,AIVKFTKVLLQYTGHITWTP,88.88888888888889,93.33333333333333
P0DTC2,IAQYTSALL,119742,AIVKFTKVLLQYTGHITWTP,88.88888888888889,93.33333333333333
P0DTD1,IERFVSLAIDAYPLT,120910,RFQPELSAPDLRRFIDGPNR,88.88888888888889,93.33333333333333
P0DTD1,LSFKELLVYAADPAM,119945,IIGTLAVFAGRLIELNQQG,92.5925925925926,93.33333333333333
P0DTD1,LSFKELLVYAADPAM,119945,IIGTLAVFAGRLIELNQQG,92.5925925925926,93.33333333333333
P0DTD1,LSFKELLVYAADPAM,119945,IIGTLAVFAGRLIELNQQG,92.5925925925926,93.33333333333333
P0DTD1,LSFKELLVYAADPAM,122657,YQIKVKLTVSGFLGELTSSE,88.88888888888889,93.33333333333333
P0DTD1,LSFKELLVYAADPAM,130514,IPCYFIDPMHPVTTAP,96.29629629629629,93.33333333333333
P0DTD1,LSFKELLVYAADPAM,122746,EEQEDEIIGFGQELKN,85.18518518518519,100.0
P0DTD1,LSFKELLVYAADPAM,122749,EIIGFGQELKNPQEE,85.18518518518519,100.0
P0DTD1,LSFKELLVYAADPAM,125610,YYVFFEEQEDEIIGFGQELK,85.18518518518519,100.0
P0DTD1,LSFKELLVYAADPAM,125610,YYVFFEEQEDEIIGFGQELK,85.18518518518519,100.0
P0DTD1,LSFKELLVYAADPAM,125610,YYVFFEEQEDEIIGFGQELK,85.18518518518519,100.0
P0DTD1,LSFKELLVYAADPAM,125610,YYVFFEEQEDEIIGFGQELK,85.18518518518519,100.0
P0DTD1,LSFKELLVYAADPAM,122747,EEQEDEIIGFGQELKNPQEE,85.18518518518519,100.0
P0DTD1,LSFKELLVYAADPAM,122747,EEQEDEIIGFGQELKNPQEE,85.18518518518519,100.0
P0DTD1,LSFKELLVYAADPAM,122747,EEQEDEIIGFGQELKNPQEE,85.18518518518519,100.0
P0DTD1,LSFKELLVYAADPAM,122747,EEQEDEIIGFGQELKNPQEE,85.18518518518519,100.0
P0DTD1,LSFKELLVYAADPAM,122747,EEQEDEIIGFGQELKNPQEE,85.18518518518519,100.0
P0DTD1,LSFKELLVYAADPAM,120186,RTVDRLCLFVVTPVMVVGTA,92.5925925925926,93.33333333333333
P0DTD1,LSFKELLVYAADPAM,119945,IIGTLAVFAGRLIELNQQG,92.5925925925926,93.33333333333333
P0DTD1,LSFKELLVYAADPAM,119945,IIGTLAVFAGRLIELNQQG,92.5925925925926,93.33333333333333
P0DTD1,LMIERFVSLAIDAYPLTK,120910,RFQPELSAPDLRRFIDGPNR,88.88888888888889,93.33333333333333
P0DTC2,LTDEMIAQYTSALLAGTITS,119578,FAIVKFTKVLLQYTGH,88.88888888888889,93.33333333333333
P0DTC2,LTDEMIAQYTSALLAGTITS,119742,AIVKFTKVLLQYTGHITWTP,88.88888888888889,93.33333333333333
P0DTC2,LTDEMIAQYTSALLAGTITS,119793,DFAIVKFTKVLLQYTGHI,88.88888888888889,93.33333333333333
P0DTC2,LTDEMIAQYTSALLAGTITS,119793,DFAIVKFTKVLLQYTGHI,88.88888888888889,93.33333333333333
P0DTC2,LTDEMIAQYTSALLAGTITS,119742,AIVKFTKVLLQYTGHITWTP,88.88888888888889,93.33333333333333
P0DTC2,LTDEMIAQYTSALLAGTITS,119743,AIVKFTKVLLQYTGHITWTPP,88.88888888888889,93.33333333333333
P0DTC2,LTDEMIAQYTSALLAGTITS,120809,MVLVTFSVILSVVVLNLHHR,88.88888888888889,100.0
P0DTC2,LTDEMIAQYTSALLAGTITS,119742,AIVKFTKVLLQYTGHITWTP,88.88888888888889,93.33333333333333
P0DTC2,LTDEMIAQYTSALLAGTITS,135053,KGLVASYQVGQDLTV,85.18518518518519,93.33333333333333
P0DTC2,LTDEMIAQYTSALLAGTITS,135053,KGLVASYQVGQDLTV,85.18518518518519,93.33333333333333
P0DTC2,LTDEMIAQYTSALLAGTITS,135380,YNNADGDFAIVKFTKVLLQY,88.88888888888889,93.33333333333333
P0DTC2,LTDEMIAQYTSALLAGTITS,119742,AIVKFTKVLLQYTGHITWTP,88.88888888888889,93.33333333333333
P0DTC2,LTDEMIAQYTSALLAGTITS,119742,AIVKFTKVLLQYTGHITWTP,88.88888888888889,93.33333333333333
P0DTD1,DGTLMIERFVSLAID,120910,RFQPELSAPDLRRFIDGPNR,88.88888888888889,93.33333333333333
P0DTD1,DAVVCFNSTYASQGL,122798,IKACVEQVANVVLYSSDYYV,85.18518518518519,93.33333333333333
P0DTC2,LLTDEMIAQYTSALLAGTI,119578,FAIVKFTKVLLQYTGH,88.88888888888889,93.33333333333333
P0DTC2,LLTDEMIAQYTSALLAGTI,119742,AIVKFTKVLLQYTGHITWTP,88.88888888888889,93.33333333333333
P0DTC2,LLTDEMIAQYTSALLAGTI,119793,DFAIVKFTKVLLQYTGHI,88.88888888888889,93.33333333333333
P0DTC2,LLTDEMIAQYTSALLAGTI,119793,DFAIVKFTKVLLQYTGHI,88.88888888888889,93.33333333333333
P0DTC2,LLTDEMIAQYTSALLAGTI,119742,AIVKFTKVLLQYTGHITWTP,88.88888888888889,93.33333333333333
P0DTC2,LLTDEMIAQYTSALLAGTI,119743,AIVKFTKVLLQYTGHITWTPP,88.88888888888889,93.33333333333333
P0DTC2,LLTDEMIAQYTSALLAGTI,120809,MVLVTFSVILSVVVLNLHHR,88.88888888888889,100.0
P0DTC2,LLTDEMIAQYTSALLAGTI,119742,AIVKFTKVLLQYTGHITWTP,88.88888888888889,93.33333333333333
P0DTC2,LLTDEMIAQYTSALLAGTI,135053,KGLVASYQVGQDLTV,85.18518518518519,93.33333333333333
P0DTC2,LLTDEMIAQYTSALLAGTI,135053,KGLVASYQVGQDLTV,85.18518518518519,93.33333333333333
P0DTC2,LLTDEMIAQYTSALLAGTI,135380,YNNADGDFAIVKFTKVLLQY,88.88888888888889,93.33333333333333
P0DTC2,LLTDEMIAQYTSALLAGTI,119742,AIVKFTKVLLQYTGHITWTP,88.88888888888889,93.33333333333333
P0DTC2,LLTDEMIAQYTSALLAGTI,119742,AIVKFTKVLLQYTGHITWTP,88.88888888888889,93.33333333333333
P0DTC2,LTDEMIAQYTSALLAGTIT,119578,FAIVKFTKVLLQYTGH,88.88888888888889,93.33333333333333
P0DTC2,LTDEMIAQYTSALLAGTIT,119742,AIVKFTKVLLQYTGHITWTP,88.88888888888889,93.33333333333333
P0DTC2,LTDEMIAQYTSALLAGTIT,119793,DFAIVKFTKVLLQYTGHI,88.88888888888889,93.33333333333333
P0DTC2,LTDEMIAQYTSALLAGTIT,119793,DFAIVKFTKVLLQYTGHI,88.88888888888889,93.33333333333333
P0DTC2,LTDEMIAQYTSALLAGTIT,119742,AIVKFTKVLLQYTGHITWTP,88.88888888888889,93.33333333333333
P0DTC2,LTDEMIAQYTSALLAGTIT,119743,AIVKFTKVLLQYTGHITWTPP,88.88888888888889,93.33333333333333
P0DTC2,LTDEMIAQYTSALLAGTIT,120809,MVLVTFSVILSVVVLNLHHR,88.88888888888889,100.0
P0DTC2,LTDEMIAQYTSALLAGTIT,119742,AIVKFTKVLLQYTGHITWTP,88.88888888888889,93.33333333333333
P0DTC2,LTDEMIAQYTSALLAGTIT,135053,KGLVASYQVGQDLTV,85.18518518518519,93.33333333333333
P0DTC2,LTDEMIAQYTSALLAGTIT,135053,KGLVASYQVGQDLTV,85.18518518518519,93.33333333333333
P0DTC2,LTDEMIAQYTSALLAGTIT,135380,YNNADGDFAIVKFTKVLLQY,88.88888888888889,93.33333333333333
P0DTC2,LTDEMIAQYTSALLAGTIT,119742,AIVKFTKVLLQYTGHITWTP,88.88888888888889,93.33333333333333
P0DTC2,LTDEMIAQYTSALLAGTIT,119742,AIVKFTKVLLQYTGHITWTP,88.88888888888889,93.33333333333333
Q32ZE1,TYALNTFTNLVVQLIRNMEAEEVLEM,112214,LSRFSWGAEGQRPGFGYGG,85.18518518518519,93.33333333333333
Q32ZE1,TYALNTFTNLVVQLIRNMEAEEVLEM,112214,LSRFSWGAEGQRPGFGYGG,85.18518518518519,93.33333333333333
Q32ZE1,TYALNTFTNLVVQLIRNMEAEEVLEM,113080,LSRFSWGAEGQRPGFGYGGR,85.18518518518519,93.33333333333333
Q32ZE1,TYALNTFTNLVVQLIRNMEAEEVLEM,113080,LSRFSWGAEGQRPGFGYGGR,85.18518518518519,93.33333333333333
Q32ZE1,TYALNTFTNLVVQLIRNMEAEEVLEM,114366,GKGRGLSLSRFSWGAEGQRP,85.18518518518519,93.33333333333333
Q32ZE1,TYALNTFTNLVVQLIRNMEAEEVLEM,113080,LSRFSWGAEGQRPGFGYGGR,85.18518518518519,93.33333333333333
Q32ZE1,TYALNTFTNLVVQLIRNMEAEEVLEM,112214,LSRFSWGAEGQRPGFGYGG,85.18518518518519,93.33333333333333
Q32ZE1,TYALNTFTNLVVQLIRNMEAEEVLEM,112214,LSRFSWGAEGQRPGFGYGG,85.18518518518519,93.33333333333333
Q32ZE1,TYALNTFTNLVVQLIRNMEAEEVLEM,112214,LSRFSWGAEGQRPGFGYGG,85.18518518518519,93.33333333333333
Q32ZE1,TYALNTFTNLVVQLIRNMEAEEVLEM,113716,PSQGKGRGLSLSRFSWGAEG,85.18518518518519,93.33333333333333
Q32ZE1,TYALNTFTNLVVQLIRNMEAEEVLEM,113716,PSQGKGRGLSLSRFSWGAEG,85.18518518518519,93.33333333333333
Q32ZE1,TYALNTFTNLVVQLIRNMEAEEVLEM,113080,LSRFSWGAEGQRPGFGYGGR,85.18518518518519,93.33333333333333
Q32ZE1,TYALNTFTNLVVQLIRNMEAEEVLEM,113080,LSRFSWGAEGQRPGFGYGGR,85.18518518518519,93.33333333333333
Q32ZE1,TYALNTFTNLVVQLIRNMEAEEVLEM,114367,GLSLSRFSWGAEGQRPGFGYGGRA,85.18518518518519,93.33333333333333
Q32ZE1,TYALNTFTNLVVQLIRNMEAEEVLEM,116414,LSLSRFSWGAEGQRPGFGY,85.18518518518519,93.33333333333333
Q32ZE1,TYALNTFTNLVVQLIRNMEAEEVLEM,115636,PSQGKGRGLSLSRFSWGAE,85.18518518518519,93.33333333333333
Q32ZE1,TYALNTFTNLVVQLIRNMEAEEVLEM,115636,PSQGKGRGLSLSRFSWGAE,85.18518518518519,93.33333333333333
Q32ZE1,TYALNTFTNLVVQLIRNMEAEEVLEM,115636,PSQGKGRGLSLSRFSWGAE,85.18518518518519,93.33333333333333
Q32ZE1,TYALNTFTNLVVQLIRNMEAEEVLEM,115636,PSQGKGRGLSLSRFSWGAE,85.18518518518519,93.33333333333333
Q32ZE1,TYALNTFTNLVVQLIRNMEAEEVLEM,115636,PSQGKGRGLSLSRFSWGAE,85.18518518518519,93.33333333333333
Q32ZE1,TYALNTFTNLVVQLIRNMEAEEVLEM,112214,LSRFSWGAEGQRPGFGYGG,85.18518518518519,93.33333333333333
Q32ZE1,TYALNTFTNLVVQLIRNMEAEEVLEM,112214,LSRFSWGAEGQRPGFGYGG,85.18518518518519,93.33333333333333
Q32ZE1,TYALNTFTNLVVQLIRNMEAEEVLEM,112214,LSRFSWGAEGQRPGFGYGG,85.18518518518519,93.33333333333333
Q32ZE1,TYALNTFTNLVVQLIRNMEAEEVLEM,112214,LSRFSWGAEGQRPGFGYGG,85.18518518518519,93.33333333333333
Q32ZE1,TYALNTFTNLVVQLIRNMEAEEVLEM,112214,LSRFSWGAEGQRPGFGYGG,85.18518518518519,93.33333333333333
Q32ZE1,TYALNTFTNLVVQLIRNMEAEEVLEM,113716,PSQGKGRGLSLSRFSWGAEG,85.18518518518519,93.33333333333333
Q32ZE1,TYALNTFTNLVVQLIRNMEAEEVLEM,113080,LSRFSWGAEGQRPGFGYGGR,85.18518518518519,93.33333333333333
Q32ZE1,TYALNTFTNLVVQLIRNMEAEEVLEM,113716,PSQGKGRGLSLSRFSWGAEG,85.18518518518519,93.33333333333333
Q32ZE1,TYALNTFTNLVVQLIRNMEAEEVLEM,113080,LSRFSWGAEGQRPGFGYGGR,85.18518518518519,93.33333333333333
Q32ZE1,TYALNTFTNLVVQLIRNMEAEEVLEM,112214,LSRFSWGAEGQRPGFGYGG,85.18518518518519,93.33333333333333
Q32ZE1,TYALNTFTNLVVQLIRNMEAEEVLEM,119613,LSLSRFSWGAEGQRPGFGYG,85.18518518518519,93.33333333333333
Q32ZE1,TYALNTFTNLVVQLIRNMEAEEVLEM,120809,MVLVTFSVILSVVVLNLHHR,88.88888888888889,93.33333333333333
Q32ZE1,TYALNTFTNLVVQLIRNMEAEEVLEM,131946,LGTLGSCLQRFTTMPFLFCN,92.5925925925926,93.33333333333333
Q32ZE1,TYALNTFTNLVVQLIRNMEAEEVLEM,112214,LSRFSWGAEGQRPGFGYGG,85.18518518518519,93.33333333333333
Q32ZE1,TYALNTFTNLVVQLIRNMEAEEVLEM,131946,LGTLGSCLQRFTTMPFLFCN,92.5925925925926,93.33333333333333
Q32ZE1,TYALNTFTNLVVQLIRNMEAEEVLEM,115057,GLSLSRFSWGAEGQRPGFG,85.18518518518519,93.33333333333333
Q32ZE1,TYALNTFTNLVVQLIRNMEAEEVLEM,112214,LSRFSWGAEGQRPGFGYGG,85.18518518518519,93.33333333333333
Q32ZE1,TYALNTFTNLVVQLIRNMEAEEVLEM,112214,LSRFSWGAEGQRPGFGYGG,85.18518518518519,93.33333333333333
Q32ZE1,TYALNTFTNLVVQLIRNMEAEEVLEM,112214,LSRFSWGAEGQRPGFGYGG,85.18518518518519,93.33333333333333
Q32ZE1,TYALNTFTNLVVQLIRNMEAEEVLEM,112214,LSRFSWGAEGQRPGFGYGG,85.18518518518519,93.33333333333333
